Match_ID,Date,Team_A,Team_B,Stadium_Name,City,Match_Type,Goals_A,Goals_B,Actual_Winner,Predicted_Goals_A,Predicted_Goals_B,Predicted_Winner,Winning_Probability_A,Winning_Probability_B,Draw_Probability
1,"June 11, 2026",Mexico,South Africa,Estadio Azteca,Mexico City,Group,,,,,,,,,
2,"June 11, 2026",South Korea,Czech Republic,Estadio Akron,Zapopan,Group,,,,,,,,,
3,"June 12, 2026",Canada,Bosnia and Herzegovina,BMO Field,Toronto,Group,,,,,,,,,
4,"June 12, 2026",United States,Paraguay,SoFi Stadium,Inglewood,Group,,,,,,,,,
5,"June 13, 2026",Haiti,Scotland,Gillette Stadium,Foxborough,Group,,,,,,,,,
6,"June 13, 2026",Australia,Turkey,BC Place,Vancouver,Group,,,,,,,,,
7,"June 13, 2026",Brazil,Morocco,MetLife Stadium,East Rutherford,Group,,,,,,,,,
8,"June 13, 2026",Qatar,Switzerland,Levi's Stadium,Santa Clara,Group,,,,,,,,,
9,"June 14, 2026",Ivory Coast,Ecuador,Lincoln Financial Field,Philadelphia,Group,,,,,,,,,
10,"June 14, 2026",Germany,Curaçao,NRG Stadium,Houston,Group,,,,,,,,,
11,"June 14, 2026",Netherlands,Japan,AT&T Stadium,Arlington,Group,,,,,,,,,
12,"June 14, 2026",Sweden,Tunisia,Estadio BBVA,Guadalupe,Group,,,,,,,,,
13,"June 15, 2026",Saudi Arabia,Uruguay,Hard Rock Stadium,Miami Gardens,Group,,,,,,,,,
14,"June 15, 2026",Spain,Cape Verde,Mercedes-Benz Stadium,Atlanta,Group,,,,,,,,,
15,"June 15, 2026",Iran,New Zealand,SoFi Stadium,Inglewood,Group,,,,,,,,,
16,"June 15, 2026",Belgium,Egypt,Lumen Field,Seattle,Group,,,,,,,,,
17,"June 16, 2026",France,Senegal,MetLife Stadium,East Rutherford,Group,,,,,,,,,
18,"June 16, 2026",Iraq,Norway,Gillette Stadium,Foxborough,Group,,,,,,,,,
19,"June 16, 2026",Argentina,Algeria,Arrowhead Stadium,Kansas City,Group,,,,,,,,,
20,"June 16, 2026",Austria,Jordan,Levi's Stadium,Santa Clara,Group,,,,,,,,,
21,"June 17, 2026",Ghana,Panama,Toronto Stadium,Toronto,Group,,,,,,,,,
22,"June 17, 2026",England,Croatia,AT&T Stadium,Arlington,Group,,,,,,,,,
23,"June 17, 2026",Portugal,DR Congo,NRG Stadium,Houston,Group,,,,,,,,,
24,"June 17, 2026",Uzbekistan,Colombia,Estadio Azteca,Mexico City,Group,,,,,,,,,
25,"June 18, 2026",Czech Republic,South Africa,Mercedes-Benz Stadium,Atlanta,Group,,,,,,,,,
26,"June 18, 2026",Switzerland,Bosnia and Herzegovina,SoFi Stadium,Inglewood,Group,,,,,,,,,
27,"June 18, 2026",Canada,Qatar,BC Place,Vancouver,Group,,,,,,,,,
28,"June 18, 2026",Mexico,South Korea,Estadio Akron,Zapopan,Group,,,,,,,,,
29,"June 19, 2026",Brazil,Haiti,Lincoln Financial Field,Philadelphia,Group,,,,,,,,,
30,"June 19, 2026",Scotland,Morocco,Gillette Stadium,Foxborough,Group,,,,,,,,,
31,"June 19, 2026",Turkey,Paraguay,Levi's Stadium,Santa Clara,Group,,,,,,,,,
32,"June 19, 2026",United States,Australia,Lumen Field,Seattle,Group,,,,,,,,,
33,"June 20, 2026",Germany,Ivory Coast,BMO Field,Toronto,Group,,,,,,,,,
34,"June 20, 2026",Ecuador,Curaçao,Arrowhead Stadium,Kansas City,Group,,,,,,,,,
35,"June 20, 2026",Netherlands,Sweden,NRG Stadium,Houston,Group,,,,,,,,,
36,"June 20, 2026",Tunisia,Japan,Estadio BBVA,Guadalupe,Group,,,,,,,,,
37,"June 21, 2026",Uruguay,Cape Verde,Hard Rock Stadium,Miami Gardens,Group,,,,,,,,,
38,"June 21, 2026",Spain,Saudi Arabia,Mercedes-Benz Stadium,Atlanta,Group,,,,,,,,,
39,"June 21, 2026",Belgium,Iran,SoFi Stadium,Inglewood,Group,,,,,,,,,
40,"June 21, 2026",New Zealand,Egypt,BC Place,Vancouver,Group,,,,,,,,,
41,"June 22, 2026",Norway,Senegal,MetLife Stadium,East Rutherford,Group,,,,,,,,,
42,"June 22, 2026",France,Iraq,Lincoln Financial Field,Philadelphia,Group,,,,,,,,,
43,"June 22, 2026",Argentina,Austria,AT&T Stadium,Arlington,Group,,,,,,,,,
44,"June 22, 2026",Jordan,Algeria,Levi's Stadium,Santa Clara,Group,,,,,,,,,
45,"June 23, 2026",England,Ghana,Gillette Stadium,Foxborough,Group,,,,,,,,,
46,"June 23, 2026",Panama,Croatia,Toronto Stadium,Toronto,Group,,,,,,,,,
47,"June 23, 2026",Portugal,Uzbekistan,NRG Stadium,Houston,Group,,,,,,,,,
48,"June 23, 2026",Colombia,DR Congo,Estadio Akron,Zapopan,Group,,,,,,,,,
49,"June 24, 2026",Scotland,Brazil,Hard Rock Stadium,Miami Gardens,Group,,,,,,,,,
50,"June 24, 2026",Morocco,Haiti,Mercedes-Benz Stadium,Atlanta,Group,,,,,,,,,
51,"June 24, 2026",Switzerland,Canada,BC Place,Vancouver,Group,,,,,,,,,
52,"June 24, 2026",Bosnia and Herzegovina,Qatar,Lumen Field,Seattle,Group,,,,,,,,,
53,"June 24, 2026",Czech Republic,Mexico,Estadio Azteca,Mexico City,Group,,,,,,,,,
54,"June 24, 2026",South Africa,South Korea,Estadio BBVA,Guadalupe,Group,,,,,,,,,
55,"June 25, 2026",Curaçao,Ivory Coast,Lincoln Financial Field,Philadelphia,Group,,,,,,,,,
56,"June 25, 2026",Ecuador,Germany,MetLife Stadium,East Rutherford,Group,,,,,,,,,
57,"June 25, 2026",Japan,Sweden,AT&T Stadium,Arlington,Group,,,,,,,,,
58,"June 25, 2026",Tunisia,Netherlands,Arrowhead Stadium,Kansas City,Group,,,,,,,,,
59,"June 25, 2026",Turkey,United States,SoFi Stadium,Inglewood,Group,,,,,,,,,
60,"June 25, 2026",Paraguay,Australia,Levi's Stadium,Santa Clara,Group,,,,,,,,,
61,"June 26, 2026",Norway,France,Gillette Stadium,Foxborough,Group,,,,,,,,,
62,"June 26, 2026",Senegal,Iraq,BMO Field,Toronto,Group,,,,,,,,,
63,"June 26, 2026",Egypt,Iran,Lumen Field,Seattle,Group,,,,,,,,,
64,"June 26, 2026",New Zealand,Belgium,BC Place,Vancouver,Group,,,,,,,,,
65,"June 26, 2026",Cape Verde,Saudi Arabia,NRG Stadium,Houston,Group,,,,,,,,,
66,"June 26, 2026",Uruguay,Spain,Estadio Akron,Zapopan,Group,,,,,,,,,
67,"June 27, 2026",Panama,England,MetLife Stadium,East Rutherford,Group,,,,,,,,,
68,"June 27, 2026",Croatia,Ghana,Lincoln Financial Field,Philadelphia,Group,,,,,,,,,
69,"June 27, 2026",Algeria,Austria,Arrowhead Stadium,Kansas City,Group,,,,,,,,,
70,"June 27, 2026",Jordan,Argentina,AT&T Stadium,Arlington,Group,,,,,,,,,
71,"June 27, 2026",Colombia,Portugal,Hard Rock Stadium,Miami Gardens,Group,,,,,,,,,
72,"June 27, 2026",DR Congo,Uzbekistan,Mercedes-Benz Stadium,Atlanta,Group,,,,,,,,,
73,"June 28, 2026",2A,2B,SoFi Stadium,Inglewood,Knockout,,,,,,,,,
74,"June 29, 2026",1E,3rd Group A/B/C/D/F,Gillette Stadium,Foxborough,Knockout,,,,,,,,,
75,"June 29, 2026",1F,2C,Estadio BBVA,Guadalupe,Knockout,,,,,,,,,
76,"June 29, 2026",1C,2F,NRG Stadium,Houston,Knockout,,,,,,,,,
77,"June 30, 2026",1I,3rd Group C/D/F/G/H,MetLife Stadium,East Rutherford,Knockout,,,,,,,,,
78,"June 30, 2026",2E,2I,AT&T Stadium,Arlington,Knockout,,,,,,,,,
79,"June 30, 2026",1A,3rd Group C/E/F/H/I,Estadio Azteca,Mexico City,Knockout,,,,,,,,,
80,"July 1, 2026",1L,3rd Group E/H/I/J/K,Mercedes-Benz Stadium,Atlanta,Knockout,,,,,,,,,
81,"July 1, 2026",1D,3rd Group B/E/F/I/J,Levi's Stadium,Santa Clara,Knockout,,,,,,,,,
82,"July 1, 2026",1G,3rd Group A/E/H/I/J,Lumen Field,Seattle,Knockout,,,,,,,,,
83,"July 2, 2026",2K,2L,BMO Field,Toronto,Knockout,,,,,,,,,
84,"July 2, 2026",1H,2J,SoFi Stadium,Inglewood,Knockout,,,,,,,,,
85,"July 2, 2026",1B,3rd Group E/F/G/I/J,BC Place,Vancouver,Knockout,,,,,,,,,
86,"July 3, 2026",1J,2H,Hard Rock Stadium,Miami Gardens,Knockout,,,,,,,,,
87,"July 3, 2026",1K,3rd Group D/E/I/J/L,Arrowhead Stadium,Kansas City,Knockout,,,,,,,,,
88,"July 3, 2026",2D,2G,AT&T Stadium,Arlington,Knockout,,,,,,,,,
89,"July 4, 2026",W74,W77,Lincoln Financial Field,Philadelphia,Knockout,,,,,,,,,
90,"July 4, 2026",W73,W75,NRG Stadium,Houston,Knockout,,,,,,,,,
91,"July 5, 2026",W76,W78,MetLife Stadium,East Rutherford,Knockout,,,,,,,,,
92,"July 5, 2026",W79,W80,Estadio Azteca,Mexico City,Knockout,,,,,,,,,
93,"July 6, 2026",W83,W84,AT&T Stadium,Arlington,Knockout,,,,,,,,,
94,"July 6, 2026",W81,W82,Lumen Field,Seattle,Knockout,,,,,,,,,
95,"July 7, 2026",W86,W88,Mercedes-Benz Stadium,Atlanta,Knockout,,,,,,,,,
96,"July 7, 2026",W85,W87,BC Place,Vancouver,Knockout,,,,,,,,,
97,"July 9, 2026",W89,W90,Gillette Stadium,Foxborough,Knockout,,,,,,,,,
98,"July 10, 2026",W93,W94,SoFi Stadium,Inglewood,Knockout,,,,,,,,,
99,"July 11, 2026",W91,W92,Hard Rock Stadium,Miami Gardens,Knockout,,,,,,,,,
100,"July 11, 2026",W95,W96,Arrowhead Stadium,Kansas City,Knockout,,,,,,,,,
101,"July 14, 2026",W97,W98,AT&T Stadium,Arlington,Knockout,,,,,,,,,
102,"July 15, 2026",W99,W100,Mercedes-Benz Stadium,Atlanta,Knockout,,,,,,,,,
103,"July 18, 2026",L101,L102,Hard Rock Stadium,Miami Gardens,Knockout,,,,,,,,,
104,"July 19, 2026",W101,W102,MetLife Stadium,East Rutherford,Knockout,,,,,,,,,
